<?xml version="1.0" encoding="UTF-8"?>  
<beans  
    xmlns="http://www.springframework.org/schema/beans"  
    xmlns:xsi="http://www.w3.org/2001/XMLSchema-instance"  
    xmlns:p="http://www.springframework.org/schema/p"  
    xsi:schemaLocation="http://www.springframework.org/schema/beans  
               http://www.springframework.org/schema/beans/spring-beans-3.0.xsd">  
  
  
  <bean id="paenttiangle" class="com.tcs.anz.Triangle">
     <property name="pointA" ref="pointA"/>
  </bean>
  
  
<bean id="triangle1" class="com.tcs.anz.Triangle"  parent="paenttriangle">
 <property name="pointB" ref="pointB"/>
  <property name="pointC" ref="pointC"/>
</bean>

<bean id="triangle2" class="com.tcs.anz.Triangle"  parent="paenttriangle">
 <property name="pointB" ref="pointB"/>
</bean>


<bean id="pointA" class ="com.tcs.anz.Point">
<property name="x" value="0"></property>
<property name="y" value="0"></property>
</bean>

<bean id="pointB" class ="com.tcs.anz.Point">
<property name="x" value="-20"></property>
<property name="y" value="0"></property>
</bean>

<bean id="pointC" class ="com.tcs.anz.Point">
<property name="x" value="20"></property>
<property name="y" value="0"></property>
</bean>
   
  
  
</beans>  